-- phpMyAdmin SQL Dump
-- version 5.1.1
-- https://www.phpmyadmin.net/
--
-- Host: 127.0.0.1
-- Generation Time: Jan 23, 2022 at 06:10 PM
-- Server version: 10.4.22-MariaDB
-- PHP Version: 7.4.27

SET SQL_MODE = "NO_AUTO_VALUE_ON_ZERO";
START TRANSACTION;
SET time_zone = "+00:00";


/*!40101 SET @OLD_CHARACTER_SET_CLIENT=@@CHARACTER_SET_CLIENT */;
/*!40101 SET @OLD_CHARACTER_SET_RESULTS=@@CHARACTER_SET_RESULTS */;
/*!40101 SET @OLD_COLLATION_CONNECTION=@@COLLATION_CONNECTION */;
/*!40101 SET NAMES utf8mb4 */;

--
-- Database: `library`
--

-- --------------------------------------------------------

--
-- Table structure for table `admin`
--

CREATE TABLE `admin` (
  `admin_id` int(2) NOT NULL,
  `admin_username` varchar(30) NOT NULL,
  `admin_password` varchar(30) NOT NULL
) ENGINE=InnoDB DEFAULT CHARSET=utf8;

--
-- Dumping data for table `admin`
--

INSERT INTO `admin` (`admin_id`, `admin_username`, `admin_password`) VALUES
(1, 'admin', '123456789');

-- --------------------------------------------------------

--
-- Table structure for table `book`
--

CREATE TABLE `book` (
  `book_id` int(6) NOT NULL,
  `book_name` varchar(100) NOT NULL,
  `book_publisher` varchar(40) NOT NULL,
  `book_writer` varchar(40) NOT NULL,
  `book_booked_total` int(7) NOT NULL,
  `book_picture` varchar(99) NOT NULL,
  `book_intro` text NOT NULL,
  `book_group` varchar(20) NOT NULL,
  `book_squad` varchar(20) NOT NULL,
  `book_location` text NOT NULL,
  `book_year` varchar(4) NOT NULL,
  `book_pimnum` int(6) NOT NULL,
  `book_price` int(5) NOT NULL,
  `catagory_id` int(2) NOT NULL
) ENGINE=InnoDB DEFAULT CHARSET=utf8;

--
-- Dumping data for table `book`
--

INSERT INTO `book` (`book_id`, `book_name`, `book_publisher`, `book_writer`, `book_booked_total`, `book_picture`, `book_intro`, `book_group`, `book_squad`, `book_location`, `book_year`, `book_pimnum`, `book_price`, `catagory_id`) VALUES
(52, 'คู่มือเขียนภาษา Python', 'PRO VISTION', 'ณัฐวัตร คำภักดี', 50, '18.jpg', '• python เบื้องต้น <br>\r\n• เขียนโปรแกรม GUI (Graphical User Interface)<br>\r\n• Object-Oriented Programming (OOP)<br>\r\n• การเชื่อมต่อฐานข้อมูล<br>\r\n• Digino web framework<br>', '4874-48781', '3465-5648974', 'RatPac-Dune Entertainment', '2561', 2, 340, 24),
(53, 'Book launch', 'RatPac-Dune Entertainment; Syncopy Inc.', 'Eric Pearson', 22, '14.jpg', 'เซนเซอร์แคมปัสโนติสนอมินีแซ็กโซโฟน แอ็คชั่นเกรย์ แคชเชียร์ ซิง โดมิโนดราม่าดีพาร์ตเมนท์ นู้ดโอวัลตินแดนเซอร์ แฟรีแอลมอนด์ซาร์บิลทอล์ค คัตเอาต์ เป่ายิ้งฉุบโหลยโท่ย น้องใหม่ไหร่ดิกชันนารี มยุราภิรมย์เมี่ยงคำเยอบีราโหลนนางแบบ ไนท์ ทอมกิมจิแฟล็ต ออร์แกนแอโรบิคสัมนา โชว์รูมนิวเพนตากอนโหลยโท่ย ซาร์ซาร์ภูมิทัศน์เทรนด์\r\n\r\nรองรับจิตเภท แอพพริคอทไฮกุเพนตากอนวอเตอร์สกาย เป่ายิ้งฉุบวิกนางแบบ พาสปอร์ตงั้นแฟลชแพตเทิร์น วิวผลไม้ละตินแมกกาซีน มยุราภิรมย์สเตชั่นแอลมอนด์รีพอร์ท คอมพ์ไฮไลต์เซลส์ฟาสต์ฟู้ดเบญจมบพิตร สงบสุขฮิปฮอป เซี้ยวทริปโลชั่นชัตเตอร์แฟ็กซ์ วิลเลจบาลานซ์เมคอัพสะบึมซิ่ง เทเลกราฟทัวริสต์เอฟเฟ็กต์ ยังไงเห่ยแม่ค้าแกสโซฮอล์', '', '', '', '0000', 0, 199, 10),
(54, 'เขียนโปรแกรมด้วยภาษา C', 'New paper', 'อรพิน ประวัติบริสุทธิฺ์', 30, '15.jpg', 'บอยคอตบลอนด์ก่อนหน้านรีแพทย์แจ๊ส ซีเนียร์นรีแพทย์มั้ยสุนทรีย์พาร์ทเนอร์ ปอดแหกจิตพิสัยเวิลด์ แบตว้าว ฟลุทร็อคบู๊ฮิคาราโอเกะ วอลซ์ เฟรชวอเตอร์อีแต๋น อัลไซเมอร์แจ๊สตุ๊กตุ๊ก คอร์รัปชันดีกรีรีโมตแจ๊กพ็อต ชาร์จโปรเจ็คยาวีแซ็กโซโฟน ยูโร แฟ็กซ์เนิร์สเซอรี่ คอลัมน์แมชชีนดีพาร์ทเมนท์จูน ชีสรีโมต แบตโบกี้สปาย ซิลเวอร์โปรโมชั่นฮาราคีรี\r\n\r\nซ้อลิมิตเดโมไฮบริด ยนตรกรรม ตนเองเรตธรรมาภิบาลเป่ายิ้งฉุบ ไฮแจ็ค ไหร่ตรวจทานรองรับแอโรบิค แคมป์ซาดิสม์แอโรบิคโก๊ะทรู วีซ่า พุดดิ้ง โรลออน วิภัชภาคแคปร็อคม็อบรามเทพ ซีดานโยเกิร์ตทอล์ค สะบึม ออร์แกนิคโซนี่โยเกิร์ตสโตน ตี๋คอร์ปอเรชั่น คันยิไฮไลต์สะบึมสุริยยาตร์ แฮนด์ซูเปอร์ซูมเอ็นจีโอ', '5524-748184', '2019-847851', 'ประเทศไทย', '2019', 1, 420, 24),
(55, 'HTML5 css3 & javascript', 'อรพิน ประวัติ', 'กังกาน อัศวไชยวศิน', 72, '17.png', '- ปูพื้นฐาน HTML, CSS และ Javascript <br>\r\n- หลักการพัฒนาเว็บไซต์ด้วย HTML5 และ CSS3 <br>\r\n- ใช้ dreamweaver สร้างเว็บไซต์ด้วย HTML5 <br>\r\n- ตัวอย่างเว็บไซต์ที่สร้างรายได้จาก HTML5 <br>\r\n- เนื้อหากระชับ อธิบายโปรแกรมสั้น เข้าใจง้าย', '1539-1764', '5526-1157465', 'สยามไอทีเน็ตเวิร์คกิ้ง', '2559', 9, 150, 24),
(56, 'THOR : Ragnarok', 'Amblin Television', 'Eric Pearson', 2, '6.jpg', 'บอยคอตบลอนด์ก่อนหน้านรีแพทย์แจ๊ส ซีเนียร์นรีแพทย์มั้ยสุนทรีย์พาร์ทเนอร์ ปอดแหกจิตพิสัยเวิลด์ แบตว้าว ฟลุทร็อคบู๊ฮิคาราโอเกะ วอลซ์ เฟรชวอเตอร์อีแต๋น อัลไซเมอร์แจ๊สตุ๊กตุ๊ก คอร์รัปชันดีกรีรีโมตแจ๊กพ็อต ชาร์จโปรเจ็คยาวีแซ็กโซโฟน ยูโร แฟ็กซ์เนิร์สเซอรี่ คอลัมน์แมชชีนดีพาร์ทเมนท์จูน ชีสรีโมต แบตโบกี้สปาย ซิลเวอร์โปรโมชั่นฮาราคีรี\r\n\r\nซ้อลิมิตเดโมไฮบริด ยนตรกรรม ตนเองเรตธรรมาภิบาลเป่ายิ้งฉุบ ไฮแจ็ค ไหร่ตรวจทานรองรับแอโรบิค แคมป์ซาดิสม์แอโรบิคโก๊ะทรู วีซ่า พุดดิ้ง โรลออน วิภัชภาคแคปร็อคม็อบรามเทพ ซีดานโยเกิร์ตทอล์ค สะบึม ออร์แกนิคโซนี่โยเกิร์ตสโตน ตี๋คอร์ปอเรชั่น คันยิไฮไลต์สะบึมสุริยยาตร์ แฮนด์ซูเปอร์ซูมเอ็นจีโอ', '4541-84651484', '84841-857822', 'New york', '2019', 1, 335, 11),
(58, 'หนังสือภาพอักษรไทย ก-ฮ', 'ConnaLife', 'ฉัตร แชมเปน', 53, '17.jpg', 'บอยคอตบลอนด์ก่อนหน้านรีแพทย์แจ๊ส ซีเนียร์นรีแพทย์มั้ยสุนทรีย์พาร์ทเนอร์ ปอดแหกจิตพิสัยเวิลด์ แบตว้าว ฟลุทร็อคบู๊ฮิคาราโอเกะ วอลซ์ เฟรชวอเตอร์อีแต๋น อัลไซเมอร์แจ๊สตุ๊กตุ๊ก คอร์รัปชันดีกรีรีโมตแจ๊กพ็อต ชาร์จโปรเจ็คยาวีแซ็กโซโฟน ยูโร แฟ็กซ์เนิร์สเซอรี่ คอลัมน์แมชชีนดีพาร์ทเมนท์จูน ชีสรีโมต แบตโบกี้สปาย ซิลเวอร์โปรโมชั่นฮาราคีรี\r\n\r\nซ้อลิมิตเดโมไฮบริด ยนตรกรรม ตนเองเรตธรรมาภิบาลเป่ายิ้งฉุบ ไฮแจ็ค ไหร่ตรวจทานรองรับแอโรบิค แคมป์ซาดิสม์แอโรบิคโก๊ะทรู วีซ่า พุดดิ้ง โรลออน วิภัชภาคแคปร็อคม็อบรามเทพ ซีดานโยเกิร์ตทอล์ค สะบึม ออร์แกนิคโซนี่โยเกิร์ตสโตน ตี๋คอร์ปอเรชั่น คันยิไฮไลต์สะบึมสุริยยาตร์ แฮนด์ซูเปอร์ซูมเอ็นจีโอ', '', '', '', '0000', 0, 30, 10),
(59, 'The Hobbit', 'Elder Arnold Cunningham', 'J.R.R. TOLKIEN', 101, '9.jpg', 'บอยคอตบลอนด์ก่อนหน้านรีแพทย์แจ๊ส ซีเนียร์นรีแพทย์มั้ยสุนทรีย์พาร์ทเนอร์ ปอดแหกจิตพิสัยเวิลด์ แบตว้าว ฟลุทร็อคบู๊ฮิคาราโอเกะ วอลซ์ เฟรชวอเตอร์อีแต๋น อัลไซเมอร์แจ๊สตุ๊กตุ๊ก คอร์รัปชันดีกรีรีโมตแจ๊กพ็อต ชาร์จโปรเจ็คยาวีแซ็กโซโฟน ยูโร แฟ็กซ์เนิร์สเซอรี่ คอลัมน์แมชชีนดีพาร์ทเมนท์จูน ชีสรีโมต แบตโบกี้สปาย ซิลเวอร์โปรโมชั่นฮาราคีรี\r\n\r\nซ้อลิมิตเดโมไฮบริด ยนตรกรรม ตนเองเรตธรรมาภิบาลเป่ายิ้งฉุบ ไฮแจ็ค ไหร่ตรวจทานรองรับแอโรบิค แคมป์ซาดิสม์แอโรบิคโก๊ะทรู วีซ่า พุดดิ้ง โรลออน วิภัชภาคแคปร็อคม็อบรามเทพ ซีดานโยเกิร์ตทอล์ค สะบึม ออร์แกนิคโซนี่โยเกิร์ตสโตน ตี๋คอร์ปอเรชั่น คันยิไฮไลต์สะบึมสุริยยาตร์ แฮนด์ซูเปอร์ซูมเอ็นจีโอ', 'NH-1521', '33459', 'America', '2008', 3, 199, 11),
(60, 'สร้างเว็บแบบ Responsive', 'ซีเอ็ด', 'บัญชา ปะสีละเตสัง', 136, '16.jpg', 'สร้างเว็บไซต์ Responsive ง่ายๆ ด้วย boostrap css และ javascript', '2552-7841', '9112-211954', 'บัญชา การ', '2561', 5, 299, 24),
(67, 'วิทยาศาสตร์ เพื่อพัฒนาอาชีพธุรกิจและบริการ', 'RatPac-Dune Entertainment; Syncopy Inc.', 'ณัฐญา อัมรินทร์', 19, '13.jpg', 'รายงานเรื่องนี้เป็นส่วนหนึ่งในรายวิชา ว32101 ดวงดาวและโลกของเรา ส่งเสริมให้นักเรียนหาความรู้ข้อมูลเพิ่มเติมและทำให้การเรียนรู้ดูน่าสนใจ ให้ผู้เรียนมีความสนใจกับการเรียนรู้ด้วยตัวเองมากขึ้น เพื่อเป็นสื่อการเรียนการสอนให้แก่ผู้เรียน โดยจะทำเสนอรายงานเล่มนี้ควบคู่ไปกับสื่อการเรียนการสอนแบบพาวเวอร์พ้อย (Power Point) เพื่อให้ผู้เรียนสามารถเรียนรู้และศึกษาค้นคว้าได้ด้วยตนเองและได้นำเสนอความรู้ที่ตนเองศึกษาให้ผู้อื่นสามารถเรียนรู้และทำความเข้าใจกับเนื้อหาได้ เปรียบเสมือนร่วมกันแบ่งปันความรู้ให้กันและกันระหว่างผู้เรียน และสามารถนำความรู้ที่ได้ไปประยุกต์ในชีวิตประจำวัน', '20000-200450', '3445-5648974', 'RatPac-Dune Entertainment', '2557', 2, 450, 21),
(70, 'คู่มือเขีนนโปรแกรมภาษา Java', 'Provision', 'อรพิน ประวัติบริสุทธิ์', 1, '9786162044632l.jpg', 'หนังสือเล่มนี้เน้นอธิบายเนื้อหาในแต่ละบทให้เข้มข้น ครอบคลุมถึงเวอร์ชั่นล่าสุด คือ เวอร์ชั่น 7.0 นอกจากนี้ยังเพิ่มเติมเนื้อหาเกี่ยวกับการเขียนโปรแกรมภาษาจาวาเพื่อเชื่อมต่อฐานข้อมูล การสร้างรายงาน JasperReport รวมถึงการพัมนาแอพพลิเคชั่นบนระบบปฎิบัติการ Android ด้วยภาษาจาวาเข้าไปด้วย ในเล่มจะอธิบายด้วยรูปภาพ ชัดเจน อ่านง่าย เขียนได้จริง มีแบบฝึกหัดพร้อมเฉลยโดยละเอียดทุกขั้นตอน ครอบคลุม JDK เวอร์ชั่นล่าสุด', '847-54', '1274-459', 'Provision', '2559', 2, 320, 24),
(74, 'หนังสือ ฟิสิกส์ 1 - Physics For Scientists and Engineers I', 'Cengage Learning Asia Pte Ltd', 'Raymond A. Serway,Jr. John W. Jewett', 1, 'Screenshot 2022-01-20 100726.jpg', 'หนังสือเล่มนี้แปลมาจากต้นฉบับภาษาอังกฤษ Physics for Scientists and Engineers with Modern Physics ซึ่งเป็นที่รู้จักอย่างดีในแวดวงการศึกษาของนักฟิสิกส์ทั่วโลก และบ่อยครั้งที่นักเรียน นักศึกษา ผู้ต้องการค้นคว้าหาความรู้เพิ่มเติมในวิชาฟิสิกส์ ได้ใช้หนังสือเล่มนีเป็นหลักในการอ้างอิงค้นหาความรู้ หนังสือเล่มนี้แปลมาจากต้นฉบับภาษาอังกฤษ Physics for Scientists and Engineers with Modern Physics ซึ่งเป็นที่รู้จักอย่างดีในแวดวงการศึกษาของนักฟิสิกส์ทั่วโลก และบ่อยครั้งที่นักเรียน นักศึกษา ผู้ต้องการค้นคว้าหาความรู้เพิ่มเติมในวิชาฟิสิกส์ ได้ใช้หนังสือเล่มนีเป็นหลักในการอ้างอิงค้นหาความรู้', '564541185', '9786167662237', 'Cengage Learning Asia Pte Ltd', '2010', 9, 445, 21),
(75, 'จิตวิทยาการลงทุน The Psychology of Investing', 'พิริยะ', 'John R. Nofsinger', 0, 'eknvt8.jpg', ' \"จิตวิทยาการลงทุน\" คือหนังสือหุ้นที่ว่าด้วยอคติอันเจ้าเล่ห์ซึ่งซุกซ่อนอยู่ในจิตใจของมนุษย์ทุกคน แม้ว่าเราจะไม่รู้ตัวว่ามันมีอยู่ แต่มันมักจะเผยตัวออกมาเสมอเวลาที่มีเรื่องของ \"การลงทุน\" เข้ามาเกี่ยวข้อง และทุกครั้งที่มันเผยตัว เจ้าอคติตัวร้ายนี้เอง มักทำให้นักลงทุนหลายคนเจ็บตัวมานักต่อนัก มันทำให้นักลงทุนกระจายความเสี่ยงแบบผิดๆ ซื้อหุ้นในราคาที่สูงเกินไป หรือถึงขั้นเปลี่ยนการลงทุนให้เป็นการพนัน\r\n \r\n    จิตวิทยาการลงทุนจึงไม่ใช่เพียงเรื่องที่จับต้องไม่ได้อีกต่อไป แต่มันคือสิ่งสำคัญที่อาจถึงขั้นชี้ชะตาการลงทุนของคุณได้ ด้วยเหตุนี้เอง \"จอห์น นอฟซิงเกอร์\" ผู้เชี่ยวชาญด้านจิตวิทยาการลงทุนอันดับต้นๆ ของโลก จึงถ่ายทอดความคิดและวิธีการรับมือกับอคติทางการลงทุน มาบรรจุร้อยเรียงในหนังสือหุ้นเล่มนี้ และที่สำคัญกว่านั้นคือ เราจะใช้อคติอย่างไรให้เกิดประโยชน์ต่อการลงทุนมากที่สุด\r\n \r\n    ไม่ใช่ว่าวิธีการเลือกหุ้นที่ถูกต้องจะไม่สำคัญ ศาสตร์แห่งการลงทุนยังมีความสำคัญไม่ยิ่งหย่อนไปกว่าจิตวิทยา แต่จะดีกว่าไหม ถ้าเราไม่เพียงแต่รับมือกับความเสี่ยงจากภายนอก มันถึงเวลาแล้วที่เราจะต้องเข้าใจ จิตวิทยาการลงทุน ของตัวเอง', 'SKU-18117', '5645-456751', 'พิริยะ พาณิชย์', '2563', 3, 245, 21),
(76, 'BIOLOGY ชีววิทยาศารตร์', 'sunsu', 'ดร.สุรัก', 1, 'ds.jpg', 'BIOLOGY ชีววิทยา', '14924854', '1567481848', 'Thairat', '2003', 6, 149, 10);

-- --------------------------------------------------------

--
-- Table structure for table `catagory`
--

CREATE TABLE `catagory` (
  `catagory_id` int(2) NOT NULL,
  `catagory_name` varchar(30) NOT NULL
) ENGINE=InnoDB DEFAULT CHARSET=utf8;

--
-- Dumping data for table `catagory`
--

INSERT INTO `catagory` (`catagory_id`, `catagory_name`) VALUES
(10, 'ภาษา'),
(11, 'นิยาย'),
(21, 'วิทยาศาสตร์'),
(24, 'คอมพิวเตอร์');

-- --------------------------------------------------------

--
-- Table structure for table `department`
--

CREATE TABLE `department` (
  `department_id` int(2) NOT NULL,
  `department_name` varchar(50) NOT NULL
) ENGINE=InnoDB DEFAULT CHARSET=utf8;

--
-- Dumping data for table `department`
--

INSERT INTO `department` (`department_id`, `department_name`) VALUES
(1, 'บัญชี'),
(2, 'การตลาด'),
(3, 'เลขานุการและการจัดการทั่วไป'),
(4, 'คอมพิวเตอร์ธุรกิจ'),
(5, 'โลจิสติกส์และซัพพลายเชน'),
(6, 'สามัญสัมพันธ์'),
(7, 'วิจิตรศิลป์'),
(8, 'การออกแบบ'),
(9, 'คอมพิวเตอร์กราฟิก'),
(10, 'ผ้าและเครื่องแต่งกาย'),
(11, 'อาหารและโภชนาการ'),
(12, 'คหกรรมทั่วไป'),
(13, 'การโรงแรม'),
(14, 'การท่องเที่ยว');

-- --------------------------------------------------------

--
-- Table structure for table `num_book`
--

CREATE TABLE `num_book` (
  `num_id` int(6) NOT NULL,
  `barcode` varchar(16) NOT NULL,
  `book_id` int(6) NOT NULL,
  `num_status` int(1) NOT NULL,
  `studen_id` int(6) NOT NULL,
  `num_booking` date DEFAULT NULL,
  `num_return` date NOT NULL,
  `department_id` int(2) NOT NULL
) ENGINE=InnoDB DEFAULT CHARSET=utf8;

--
-- Dumping data for table `num_book`
--

INSERT INTO `num_book` (`num_id`, `barcode`, `book_id`, `num_status`, `studen_id`, `num_booking`, `num_return`, `department_id`) VALUES
(1062, 'AA-3357', 52, 0, 0, NULL, '0000-00-00', 0),
(1063, 'AA-3358', 52, 0, 0, NULL, '0000-00-00', 0),
(1064, 'VL-1234', 53, 0, 0, '0000-00-00', '0000-00-00', 0),
(1065, 'VL-1235', 53, 0, 0, NULL, '0000-00-00', 0),
(1066, 'BT-5512', 54, 0, 0, '0000-00-00', '0000-00-00', 0),
(1067, 'BT-5513', 54, 1, 1, '2021-09-19', '2021-09-25', 4),
(1068, 'BT-5514', 54, 0, 0, NULL, '0000-00-00', 0),
(1069, 'IT-3333', 55, 1, 1, '2022-01-23', '2022-01-23', 4),
(1070, 'IT-4444', 55, 1, 1, '2022-01-22', '2022-01-23', 4),
(1071, 'TR-5714', 56, 0, 0, NULL, '0000-00-00', 0),
(1072, 'TR-1142', 56, 0, 0, NULL, '0000-00-00', 0),
(1075, 'RX-5456', 58, 0, 0, NULL, '0000-00-00', 0),
(1076, 'RX-7561', 58, 0, 0, NULL, '0000-00-00', 0),
(1077, 'HH-5555', 59, 1, 23, '2022-01-20', '2022-01-01', 7),
(1078, 'HH-5556', 59, 0, 0, NULL, '0000-00-00', 0),
(1079, 'BB-1985', 60, 1, 27, '2021-09-21', '2021-09-24', 14),
(1080, 'BE-1847', 60, 1, 4, '2022-01-20', '2022-01-22', 2),
(1081, 'BE-1848', 60, 0, 0, '0000-00-00', '0000-00-00', 0),
(1090, 'XE-5645', 60, 0, 0, NULL, '0000-00-00', 0),
(1097, 'AB-1234', 60, 0, 0, '0000-00-00', '0000-00-00', 0),
(1098, 'AB-1235', 60, 0, 0, NULL, '0000-00-00', 0),
(1102, 'XE-5555', 55, 0, 0, NULL, '0000-00-00', 0),
(1103, 'AE-3517', 67, 0, 0, NULL, '0000-00-00', 0),
(1108, 'JV-2024', 70, 0, 0, NULL, '0000-00-00', 0),
(1109, 'JV-2025', 70, 1, 29, '2022-01-20', '2022-01-25', 12),
(1110, 'JV-2026', 70, 0, 0, NULL, '0000-00-00', 0),
(1119, 'SI-3659', 74, 0, 0, NULL, '0000-00-00', 0),
(1120, 'SI-3660', 74, 0, 0, NULL, '0000-00-00', 0),
(1121, 'SI-3661', 74, 0, 0, NULL, '0000-00-00', 0),
(1122, 'SI-3662', 74, 0, 0, NULL, '0000-00-00', 0),
(1123, 'SI-3663', 74, 0, 0, '0000-00-00', '0000-00-00', 0),
(1124, 'SI-3664', 74, 0, 0, NULL, '0000-00-00', 0),
(1125, 'SI-3665', 74, 0, 0, NULL, '0000-00-00', 0),
(1126, 'SI-3666', 74, 0, 0, NULL, '0000-00-00', 0),
(1127, 'SI-3667', 74, 0, 0, NULL, '0000-00-00', 0),
(1128, 'PS-5431', 75, 0, 0, NULL, '0000-00-00', 0),
(1129, 'PS-5432', 75, 0, 0, NULL, '0000-00-00', 0),
(1130, 'PS-5433', 75, 0, 0, NULL, '0000-00-00', 0),
(1132, 'OC-7456', 76, 0, 0, '0000-00-00', '0000-00-00', 0),
(1133, 'OC-4517', 76, 0, 0, NULL, '0000-00-00', 0),
(1134, 'OC-7513', 76, 0, 0, NULL, '0000-00-00', 0),
(1135, 'OC-6666', 76, 0, 0, NULL, '0000-00-00', 0),
(1136, 'OC-8462', 76, 0, 0, NULL, '0000-00-00', 0),
(1139, 'TA-5548', 76, 0, 0, NULL, '0000-00-00', 0),
(1144, 'BB-2131', 76, 0, 0, NULL, '0000-00-00', 0),
(1145, 'BB-5643', 76, 0, 0, NULL, '0000-00-00', 0),
(1146, 'BB-3548', 76, 0, 0, NULL, '0000-00-00', 0),
(1147, 'AT-333S', 55, 0, 0, NULL, '0000-00-00', 0);

-- --------------------------------------------------------

--
-- Table structure for table `record`
--

CREATE TABLE `record` (
  `record_id` int(6) NOT NULL,
  `record_date` date NOT NULL,
  `record_time` time NOT NULL,
  `studen_id` int(6) NOT NULL,
  `department_id` int(2) NOT NULL
) ENGINE=InnoDB DEFAULT CHARSET=utf8;

--
-- Dumping data for table `record`
--

INSERT INTO `record` (`record_id`, `record_date`, `record_time`, `studen_id`, `department_id`) VALUES
(1, '2021-08-24', '23:07:38', 1, 4),
(2, '2021-08-24', '23:07:46', 1, 4),
(3, '2021-08-24', '23:07:47', 1, 4),
(4, '2021-08-24', '23:07:50', 1, 4),
(5, '2021-08-24', '23:07:55', 3, 4),
(6, '2021-08-24', '23:07:56', 3, 4),
(7, '2021-08-24', '23:07:57', 3, 4),
(8, '2021-08-25', '08:37:20', 1, 4),
(9, '2021-07-25', '08:37:28', 1, 4),
(13, '2021-08-25', '08:41:21', 1, 4),
(14, '2022-08-25', '08:45:45', 1, 4),
(15, '2021-08-26', '09:17:07', 1, 4),
(16, '2021-09-06', '18:44:16', 1, 4),
(17, '2021-09-07', '15:21:05', 1, 4),
(18, '2021-09-07', '15:23:30', 3, 4),
(19, '2021-05-08', '08:46:29', 3, 1),
(20, '2021-04-08', '08:48:14', 4, 2),
(21, '2021-02-08', '08:48:40', 4, 2),
(22, '2021-03-08', '08:48:50', 4, 2),
(23, '2021-09-08', '08:49:58', 3, 4),
(24, '2021-09-08', '08:50:55', 3, 4),
(25, '2021-06-08', '09:08:48', 1, 4),
(26, '2021-09-08', '09:09:26', 1, 4),
(27, '2021-09-08', '10:10:39', 1, 4),
(28, '2021-09-08', '10:11:15', 3, 4),
(29, '2021-09-08', '15:14:41', 1, 4),
(30, '2021-09-14', '10:29:58', 1, 4),
(31, '2021-09-15', '15:35:49', 4, 2),
(32, '2021-09-16', '13:24:40', 1, 4),
(33, '2021-09-17', '08:47:26', 1, 4),
(34, '2021-09-21', '23:06:09', 3, 1),
(35, '2021-09-21', '23:06:15', 27, 14),
(36, '2021-09-22', '09:56:48', 1, 4),
(37, '2021-09-22', '10:05:12', 1, 4),
(38, '2021-09-22', '10:13:20', 1, 4),
(39, '2021-09-29', '23:19:51', 1, 4),
(40, '2021-09-29', '23:19:53', 1, 4),
(41, '2021-11-23', '12:27:59', 1, 4),
(42, '2022-01-17', '21:54:21', 1, 4),
(43, '2022-01-17', '22:03:45', 1, 4),
(44, '2022-01-17', '22:08:04', 3, 1),
(45, '2022-01-18', '09:26:11', 1, 4),
(46, '2022-01-19', '18:51:47', 1, 4),
(47, '2022-01-20', '09:42:17', 3, 1),
(48, '2022-01-20', '10:53:01', 1, 4),
(49, '2022-01-20', '16:02:03', 1, 4),
(50, '2022-01-22', '15:27:48', 1, 4),
(51, '2022-01-22', '15:28:43', 1, 4),
(52, '2022-01-22', '15:29:13', 3, 1),
(53, '2022-01-22', '16:41:19', 1, 4),
(54, '2022-01-22', '16:53:39', 1, 4),
(55, '2022-01-22', '16:53:55', 3, 1),
(56, '2022-01-22', '16:55:34', 1, 4),
(57, '2022-01-22', '16:55:53', 3, 1),
(58, '2022-01-22', '17:56:01', 1, 4),
(59, '2022-01-22', '17:56:17', 3, 1),
(60, '2022-01-23', '15:43:20', 1, 4),
(61, '2022-01-23', '15:43:27', 3, 1);

-- --------------------------------------------------------

--
-- Table structure for table `studen`
--

CREATE TABLE `studen` (
  `studen_id` int(6) NOT NULL,
  `studen_key` varchar(11) CHARACTER SET utf8 NOT NULL,
  `studen_date` date NOT NULL,
  `studen_name` varchar(40) CHARACTER SET utf8 NOT NULL,
  `department_id` int(11) NOT NULL,
  `studen_class` varchar(7) CHARACTER SET utf8 NOT NULL,
  `studen_booked_total` int(6) NOT NULL
) ENGINE=InnoDB DEFAULT CHARSET=latin1;

--
-- Dumping data for table `studen`
--

INSERT INTO `studen` (`studen_id`, `studen_key`, `studen_date`, `studen_name`, `department_id`, `studen_class`, `studen_booked_total`) VALUES
(1, '62202040054', '2003-09-23', 'นายธนโชติ คำสุวรรณ', 4, 'ปวช.3/2', 67),
(3, '62202040048', '2004-02-05', 'นางสาวเขมจิรา โอเอี่ยม', 1, 'ปวช.3/2', 9),
(4, '62202040069', '2003-07-08', 'นายปรัชญา รัตนานุพงศ์', 2, 'ปวช.3/2', 15),
(20, '62202040049', '2007-01-21', 'นางสาวเลขา ทั่วไป', 3, 'ปวช.2/2', 5),
(21, '62202040047', '2021-09-10', 'นายแมว น้ำตาล', 5, 'ปวช.2/3', 9),
(22, '62202040046', '2021-09-03', 'นายท่องเที่ยว', 6, 'ปวช.1/2', 30),
(23, '62202040045', '2021-09-10', 'นางวิจิตร', 7, 'ปวส.1/1', 13),
(24, '62202040044', '2021-09-10', 'นายโภชนาการ ลาวดี', 11, 'ปวส.2/1', 13),
(25, '62202040043', '2021-09-17', 'นางนก พกหนังสือ', 8, 'ปวส.1/2', 11),
(26, '62202040042', '2021-09-12', 'นายผ้า เครื่องแต่งกาย', 10, 'ปวช.1/3', 34),
(27, '62202040041', '2021-09-17', 'นายกำหมัด', 14, 'ปวส.2/2', 7),
(28, '62202040040', '2021-09-15', 'พี่ซีด', 9, 'ปวช.3/4', 6),
(29, '62202040039', '2021-09-26', 'นางข้าวโพด', 12, 'ปวช.1/4', 8),
(30, '62202040038', '2021-09-29', 'นายบอลลูน แดง', 13, 'ปวส.2/1', 24),
(31, '62202040037', '2021-09-24', 'นายโปรเจค จบ', 6, 'ปวส.1/1', 51),
(32, '62202040099', '2022-01-23', 'นายสรุริน', 3, 'ปวช.3/3', 0);

--
-- Indexes for dumped tables
--

--
-- Indexes for table `admin`
--
ALTER TABLE `admin`
  ADD PRIMARY KEY (`admin_id`);

--
-- Indexes for table `book`
--
ALTER TABLE `book`
  ADD PRIMARY KEY (`book_id`);

--
-- Indexes for table `catagory`
--
ALTER TABLE `catagory`
  ADD PRIMARY KEY (`catagory_id`);

--
-- Indexes for table `department`
--
ALTER TABLE `department`
  ADD PRIMARY KEY (`department_id`);

--
-- Indexes for table `num_book`
--
ALTER TABLE `num_book`
  ADD PRIMARY KEY (`num_id`);

--
-- Indexes for table `record`
--
ALTER TABLE `record`
  ADD PRIMARY KEY (`record_id`);

--
-- Indexes for table `studen`
--
ALTER TABLE `studen`
  ADD PRIMARY KEY (`studen_id`);

--
-- AUTO_INCREMENT for dumped tables
--

--
-- AUTO_INCREMENT for table `admin`
--
ALTER TABLE `admin`
  MODIFY `admin_id` int(2) NOT NULL AUTO_INCREMENT, AUTO_INCREMENT=2;

--
-- AUTO_INCREMENT for table `book`
--
ALTER TABLE `book`
  MODIFY `book_id` int(6) NOT NULL AUTO_INCREMENT, AUTO_INCREMENT=80;

--
-- AUTO_INCREMENT for table `catagory`
--
ALTER TABLE `catagory`
  MODIFY `catagory_id` int(2) NOT NULL AUTO_INCREMENT, AUTO_INCREMENT=27;

--
-- AUTO_INCREMENT for table `department`
--
ALTER TABLE `department`
  MODIFY `department_id` int(2) NOT NULL AUTO_INCREMENT, AUTO_INCREMENT=15;

--
-- AUTO_INCREMENT for table `num_book`
--
ALTER TABLE `num_book`
  MODIFY `num_id` int(6) NOT NULL AUTO_INCREMENT, AUTO_INCREMENT=1148;

--
-- AUTO_INCREMENT for table `record`
--
ALTER TABLE `record`
  MODIFY `record_id` int(6) NOT NULL AUTO_INCREMENT, AUTO_INCREMENT=62;

--
-- AUTO_INCREMENT for table `studen`
--
ALTER TABLE `studen`
  MODIFY `studen_id` int(6) NOT NULL AUTO_INCREMENT, AUTO_INCREMENT=33;
COMMIT;

/*!40101 SET CHARACTER_SET_CLIENT=@OLD_CHARACTER_SET_CLIENT */;
/*!40101 SET CHARACTER_SET_RESULTS=@OLD_CHARACTER_SET_RESULTS */;
/*!40101 SET COLLATION_CONNECTION=@OLD_COLLATION_CONNECTION */;
